{"base_files_url": "https://raw.githubusercontent.com/funkycochise/Insert-Coin/808ee67f20abf332f819c259bd644e8bf2f383a0/", "db_id": "funkycochise/Insert-Coin", "db_url": "https://raw.githubusercontent.com/funkycochise/Insert-Coin/db/db.json.zip", "files": {"Scripts/#insertcoin/folders/Kiwako.sh": {"hash": "2e7519b0ba71a10774a9ef69986ca36f", "size": 447, "tags": [22, 23, 24, 51]}, "Scripts/#insertcoin/folders/Tehkan-Tecmo.sh": {"hash": "ae4ba480ae03d4d4ea31e1a15051b393", "size": 1244, "tags": [22, 23, 24, 90]}, "Scripts/#insertcoin/folders/alpha.sh": {"hash": "761177aaa451886dc413b6b68a53498d", "size": 563, "tags": [22, 23, 24, 25]}, "Scripts/#insertcoin/folders/atari.sh": {"hash": "845b6f7520f16d562cac597f6d0f2255", "size": 2256, "tags": [22, 23, 24, 26]}, "Scripts/#insertcoin/folders/bagman.sh": {"hash": "52786788c7d75f23b1d938a5bc6b9a96", "size": 573, "tags": [22, 23, 24, 27]}, "Scripts/#insertcoin/folders/bally-midway.sh": {"hash": "f79dc25fc10082fcc29aaa1692ce838f", "size": 2441, "tags": [22, 23, 24, 28]}, "Scripts/#insertcoin/folders/capcom.sh": {"hash": "4017a7c9307aea7eebff20cc42e8c6cb", "size": 2237, "tags": [22, 23, 24, 29]}, "Scripts/#insertcoin/folders/cave.sh": {"hash": "24506d0a735aa1a33e601461efb097a0", "size": 1133, "tags": [22, 23, 24, 30]}, "Scripts/#insertcoin/folders/cps1.5.sh": {"hash": "0bdca3606d884ee6b2e8d0e886e51413", "size": 904, "tags": [22, 23, 24, 31]}, "Scripts/#insertcoin/folders/cps1.sh": {"hash": "1893b42570e5b0e1df443ec69813dd9f", "size": 3366, "tags": [22, 23, 24, 32]}, "Scripts/#insertcoin/folders/cps2.sh": {"hash": "f1cdc13758be5d020a3fb7a98cad4037", "size": 5100, "tags": [22, 23, 24, 33]}, "Scripts/#insertcoin/folders/crazykong.sh": {"hash": "d67571c7a11383bfa0e38a63fffb14ab", "size": 410, "tags": [22, 23, 24, 34]}, "Scripts/#insertcoin/folders/deco.sh": {"hash": "02d9444f8dfa7267a94dcb6661b355fd", "size": 1451, "tags": [22, 23, 24, 35]}, "Scripts/#insertcoin/folders/essentials.sh": {"hash": "379ed5f7bd018af8d43f010875cd4e21", "size": 19883, "tags": [22, 23, 24, 36]}, "Scripts/#insertcoin/folders/exidy.sh": {"hash": "0134fa0db89df8a23c484aba0ffff332", "size": 520, "tags": [22, 23, 24, 37]}, "Scripts/#insertcoin/folders/functions.sh": {"hash": "f343577b76fd44b6b0e3bf1fe4da1d7e", "size": 15421, "tags": [22, 23, 24, 38]}, "Scripts/#insertcoin/folders/galaxian.sh": {"hash": "17d2e38a1171d7c11bd1ec549623b34f", "size": 1291, "tags": [22, 23, 24, 39]}, "Scripts/#insertcoin/folders/gottlieb.sh": {"hash": "5488296ee07a79222c4495f446f351c6", "size": 614, "tags": [22, 23, 24, 40]}, "Scripts/#insertcoin/folders/igspgm.sh": {"hash": "c64453b9a55f500bb39f93b00c0c0d39", "size": 360, "tags": [22, 23, 24, 41]}, "Scripts/#insertcoin/folders/ini.sh": {"hash": "1552cef7073ddb3f83f326b487ff59a1", "size": 1757, "tags": [22, 23, 24, 42]}, "Scripts/#insertcoin/folders/irem.sh": {"hash": "cff8a21e0f924c815ce077f5225e5479", "size": 664, "tags": [22, 23, 24, 43]}, "Scripts/#insertcoin/folders/irem107.sh": {"hash": "eface07d303ca274253efadafafc48fa", "size": 649, "tags": [22, 23, 24, 44]}, "Scripts/#insertcoin/folders/irem62.sh": {"hash": "286947038af83550cdca5573ad19c061", "size": 1244, "tags": [22, 23, 24, 45]}, "Scripts/#insertcoin/folders/irem72.sh": {"hash": "ada7541dec4ab83c6051979581db97a5", "size": 1307, "tags": [22, 23, 24, 46]}, "Scripts/#insertcoin/folders/irem90.sh": {"hash": "d10bb4b1d8981a95c9ce0dcaeead296b", "size": 669, "tags": [22, 23, 24, 47]}, "Scripts/#insertcoin/folders/irem92.sh": {"hash": "834fc526e2f540a4fa92d122f74b04a2", "size": 1387, "tags": [22, 23, 24, 48]}, "Scripts/#insertcoin/folders/irem92t.sh": {"hash": "f47e01e8acb301a0711486f04d21b1a7", "size": 1592, "tags": [22, 23, 24, 49]}, "Scripts/#insertcoin/folders/jaleco.sh": {"hash": "fb00546d7165cb3fa694e8ed986d2bf0", "size": 1545, "tags": [22, 23, 24, 50]}, "Scripts/#insertcoin/folders/konami.sh": {"hash": "4fc0e811b5d8986dfef7302bb85ae8b3", "size": 5689, "tags": [22, 23, 24, 52]}, "Scripts/#insertcoin/folders/konami_twin16.sh": {"hash": "cd93e724151737ee36dcb976ada64fb3", "size": 915, "tags": [22, 23, 24, 53]}, "Scripts/#insertcoin/folders/ladybug.sh": {"hash": "fdd4f79ceb5af843e95b9afacfb3b7d9", "size": 492, "tags": [22, 23, 24, 54]}, "Scripts/#insertcoin/folders/mcr1.sh": {"hash": "ac652845225f6a75bc4f1e37ba78ff02", "size": 549, "tags": [22, 23, 24, 55]}, "Scripts/#insertcoin/folders/mcr2.sh": {"hash": "de16e155f4e16b696e23ebbec5195a0d", "size": 763, "tags": [22, 23, 24, 56]}, "Scripts/#insertcoin/folders/mcr3.sh": {"hash": "9a3a8f19e5853d4fda9b10b1fc78d575", "size": 658, "tags": [22, 23, 24, 57]}, "Scripts/#insertcoin/folders/mcr3mono.sh": {"hash": "a4e632b0deb32eaac593787754a04100", "size": 808, "tags": [22, 23, 24, 58]}, "Scripts/#insertcoin/folders/mcr3scroll.sh": {"hash": "5f7319d655525ff08f61e94a7fb233cb", "size": 613, "tags": [22, 23, 24, 59]}, "Scripts/#insertcoin/folders/midwayy.sh": {"hash": "9c0ba0a9a7a29a6c8ed804cac5290ca5", "size": 790, "tags": [22, 23, 24, 60]}, "Scripts/#insertcoin/folders/namco.sh": {"hash": "88e2694d8521c9cece094ef291eb6365", "size": 1734, "tags": [22, 23, 24, 61]}, "Scripts/#insertcoin/folders/namco_sys1.sh": {"hash": "356f73453c9b9fa44dfdfc49aef81ae4", "size": 1938, "tags": [22, 23, 24, 62]}, "Scripts/#insertcoin/folders/namco_sys86.sh": {"hash": "240a88f8abb12952a8028518b19d4c13", "size": 977, "tags": [22, 23, 24, 63]}, "Scripts/#insertcoin/folders/names.ini": {"hash": "1cc60bda8229fc8ac95a58a7d68a2d43", "size": 1853, "tags": [22, 23, 24, 64]}, "Scripts/#insertcoin/folders/neogeo.sh": {"hash": "49581516f42cdbd35fb783d0cd56b0cf", "size": 10515, "tags": [22, 23, 24, 65]}, "Scripts/#insertcoin/folders/newest.sh": {"hash": "52ac4dd7a28ef7280e413217b2d2502d", "size": 14456, "tags": [22, 23, 24, 66]}, "Scripts/#insertcoin/folders/nichibutsu.sh": {"hash": "fa8880ff82b645cdee9a233924bcd4cf", "size": 1407, "tags": [22, 23, 24, 67]}, "Scripts/#insertcoin/folders/nintendo.sh": {"hash": "92ba6f07c67f379c8b0bb471ad027758", "size": 802, "tags": [0, 22, 23, 24]}, "Scripts/#insertcoin/folders/pacman.sh": {"hash": "18fab3b7507aa74b2eed357a57e0a0b9", "size": 1479, "tags": [22, 23, 24, 68]}, "Scripts/#insertcoin/folders/raizing.sh": {"hash": "6fe0f0c66c8d17f0b885b7d8e473ef3c", "size": 1040, "tags": [22, 23, 24, 69]}, "Scripts/#insertcoin/folders/rare.sh": {"hash": "3613d30df9e8b1f73b45b6f28fc7956a", "size": 309, "tags": [22, 23, 24, 70]}, "Scripts/#insertcoin/folders/robotron.sh": {"hash": "c5e54be768faff6e1876966ec7963e41", "size": 693, "tags": [22, 23, 24, 71]}, "Scripts/#insertcoin/folders/scramble.sh": {"hash": "2b522345d6c5ac392739c82dee2ba422", "size": 1348, "tags": [22, 23, 24, 72]}, "Scripts/#insertcoin/folders/sega.sh": {"hash": "f55fe047bf56eb0b2deab99f441fd4f5", "size": 756, "tags": [22, 23, 24, 73]}, "Scripts/#insertcoin/folders/segaoutrun.sh": {"hash": "96c659aa60a7fb3017844bc27d0a0127", "size": 679, "tags": [22, 23, 24, 74]}, "Scripts/#insertcoin/folders/segastv.sh": {"hash": "eb7f1547cdac6ab96d52d88425558412", "size": 5995, "tags": [22, 23, 24, 75]}, "Scripts/#insertcoin/folders/segasys1.sh": {"hash": "41b7a96c710b2623c1b1c6c0cbd1c225", "size": 1971, "tags": [22, 23, 24, 76]}, "Scripts/#insertcoin/folders/segasys16.sh": {"hash": "695bbee19e9069423364c2d34fdfeced", "size": 3873, "tags": [22, 23, 24, 77]}, "Scripts/#insertcoin/folders/segasys18.sh": {"hash": "43e3971cc589ad093b4edcba87a0ce2a", "size": 1641, "tags": [22, 23, 24, 78]}, "Scripts/#insertcoin/folders/segasys2.sh": {"hash": "805e70dba034f2271caa362142df374e", "size": 1124, "tags": [22, 23, 24, 79]}, "Scripts/#insertcoin/folders/segasyse.sh": {"hash": "f641cb04df45ca8995a5087447df7a67", "size": 1281, "tags": [22, 23, 24, 80]}, "Scripts/#insertcoin/folders/si.sh": {"hash": "3e757e322d0697c2cd6e070dd41c6878", "size": 1495, "tags": [22, 23, 24, 81]}, "Scripts/#insertcoin/folders/snk.sh": {"hash": "ca3f665a8825e0016917b9fc1a2172a0", "size": 1379, "tags": [22, 23, 24, 82]}, "Scripts/#insertcoin/folders/stern.sh": {"hash": "fadbb223c4ce4426670b9d83c31d8531", "size": 1133, "tags": [22, 23, 24, 83]}, "Scripts/#insertcoin/folders/tad.sh": {"hash": "149ff5b9a4c07ed940951a93ee69e4e2", "size": 319, "tags": [22, 23, 24, 84]}, "Scripts/#insertcoin/folders/taito.sh": {"hash": "05fd170efd2d4f403e12d7bbf2915dbb", "size": 2789, "tags": [22, 23, 24, 85]}, "Scripts/#insertcoin/folders/taitof2.sh": {"hash": "706f78290f45a939bab7b490aad50fe7", "size": 4627, "tags": [22, 23, 24, 86]}, "Scripts/#insertcoin/folders/taitosj.sh": {"hash": "7f735d8461a601ed7da809e7c8f0fe98", "size": 1439, "tags": [22, 23, 24, 87]}, "Scripts/#insertcoin/folders/technos.sh": {"hash": "a90320e37c9b2ad2b530c0d8b520bfe7", "size": 697, "tags": [22, 23, 24, 88]}, "Scripts/#insertcoin/folders/technos16.sh": {"hash": "95b6c2a6ed21f2a49a1390accfbf8858", "size": 713, "tags": [22, 23, 24, 89]}, "Scripts/#insertcoin/folders/toaplan.sh": {"hash": "b998f11714f83fbeb11bfc1fb9348f86", "size": 901, "tags": [22, 23, 24, 91]}, "Scripts/#insertcoin/folders/toaplan_stg.sh": {"hash": "239a152ecac3215c8b4a4f9cc71284ef", "size": 1204, "tags": [22, 23, 24, 92]}, "Scripts/#insertcoin/folders/universal.sh": {"hash": "33d18cfc81446e768345e4766c60b2f4", "size": 836, "tags": [22, 23, 24, 93]}, "Scripts/#insertcoin/folders/upl.sh": {"hash": "10ade11adc4cf442bb61090ef14fddd9", "size": 527, "tags": [22, 23, 24, 94]}, "Scripts/#insertcoin/folders/vs.sh": {"hash": "67cecec10df78b6a82491ac15cea05bd", "size": 4250, "tags": [22, 23, 24, 95]}, "Scripts/#insertcoin/folders/williams.sh": {"hash": "0217055b7e5298ecb69d330763616a3a", "size": 1261, "tags": [22, 23, 24, 96]}, "Scripts/#insertcoin/run.sh": {"hash": "b330e8a71cf1f014ac514070c533d914", "size": 2561, "tags": [22, 23, 97, 98]}, "Scripts/#insertcoin/setup.py": {"hash": "4c495b8887b7eb075201f978742b718f", "size": 15123, "tags": [22, 23, 99, 100]}, "Scripts/#insertcoin/update/banner.sh": {"hash": "f7a7eac12204719f678dc7bc9a70cccc", "size": 44235, "tags": [22, 23, 101, 102]}, "Scripts/#insertcoin/update/clean_console.sh": {"hash": "3b93a220e4d49bd5090d2e10bb0f8684", "size": 764, "tags": [22, 23, 101, 103]}, "Scripts/#insertcoin/update/clean_obsolete.sh": {"hash": "37871db74d44db1f438c349272e5d5de", "size": 4409, "tags": [22, 23, 101, 104]}, "Scripts/#insertcoin/update/create_menu.sh": {"hash": "9dedfce89e7be5f99b0f8e9d319ad6d9", "size": 2936, "tags": [22, 23, 101, 105]}, "Scripts/#insertcoin/update/favorites.sh": {"hash": "7bc99edee485b64316a8b3a8fb3ec779", "size": 1500, "tags": [22, 23, 101, 106]}, "Scripts/#insertcoin/update/gw.sh": {"hash": "535bad715560199b25f019ee8e1989e5", "size": 2263, "tags": [22, 23, 101, 107]}, "Scripts/#insertcoin/update/install_local.sh": {"hash": "a541a430d4ed68ba5d776cef5277d9f1", "size": 1304, "tags": [22, 23, 101, 108]}, "Scripts/#insertcoin/update/install_res.sh": {"hash": "2770964aba614c94a1aeb3d89b532918", "size": 8120, "tags": [22, 23, 101, 109]}, "Scripts/#insertcoin/update/mame.sh": {"hash": "5dde05e931872ab053e25b983273310a", "size": 20572, "tags": [22, 23, 101, 110]}, "Scripts/#insertcoin/update/post.sh": {"hash": "3f2c44455a7dad64dd1099cd83373ad9", "size": 90, "tags": [22, 23, 101, 111]}, "Scripts/#insertcoin/update/pre.sh": {"hash": "5edefa437770d9fdf1c8f7d2a152af6b", "size": 735, "tags": [22, 23, 101, 112]}, "Scripts/#insertcoin/update/sweep.sh": {"hash": "3347990f3d002b894bd378b474b803c7", "size": 303, "tags": [22, 23, 101, 113]}, "Scripts/#insertcoin/update/task.sh": {"hash": "db20b8dfd3e71ccbeee12ec5f7563475", "size": 349, "tags": [22, 23, 101, 114]}, "Scripts/#insertcoin/update/uninstall_res.sh": {"hash": "8ca5c0644cd2a5333531587a0556a88b", "size": 3359, "tags": [22, 23, 101, 115]}, "Scripts/#insertcoin/update/update_console.sh": {"hash": "f4a7cd8f102e7ee411852147af5ed5ea", "size": 14855, "tags": [22, 23, 101, 116]}, "Scripts/#insertcoin/update/update_main_mister.sh": {"hash": "d652c4e179a05be59641e4ed29dae7d7", "size": 763, "tags": [22, 23, 101, 117]}, "Scripts/update_all_insertcoin.sh": {"hash": "73bec92fecf83b38546c33b2cf3ff884", "size": 324, "tags": [22, 118]}, "Scripts/update_all_insertcoin_legacy.sh": {"hash": "9c9517cbf119f65d9a1cd88d05193809", "size": 406, "tags": [22, 119]}}, "folders": {"Scripts": {"tags": [22]}, "Scripts/#insertcoin": {"tags": [22, 23]}, "Scripts/#insertcoin/folders": {"tags": [22, 23]}, "Scripts/#insertcoin/update": {"tags": [22, 23]}}, "tag_dictionary": {"alpha": 25, "atari": 26, "bagman": 27, "ballymidway": 28, "banner": 102, "capcom": 29, "cave": 30, "cleanconsole": 103, "cleanobsolete": 104, "cps1": 32, "cps1.5": 31, "cps2": 33, "crazykong": 34, "createmenu": 105, "deco": 35, "essentials": 36, "exidy": 37, "famicom": 0, "favorites": 106, "folders": 24, "functions": 38, "galaxian": 39, "gottlieb": 40, "gw": 107, "igspgm": 41, "ini": 42, "insertcoin": 23, "installlocal": 108, "installres": 109, "irem": 43, "irem107": 44, "irem62": 45, "irem72": 46, "irem90": 47, "irem92": 48, "irem92t": 49, "jaleco": 50, "kiwako": 51, "konami": 52, "konamitwin16": 53, "ladybug": 54, "mame": 110, "mcr1": 55, "mcr2": 56, "mcr3": 57, "mcr3mono": 58, "mcr3scroll": 59, "midwayy": 60, "namco": 61, "namcosys1": 62, "namcosys86": 63, "names": 64, "neogeo": 65, "nes": 0, "newest": 66, "nichibutsu": 67, "nintendo": 0, "pacman": 68, "post": 111, "pre": 112, "raizing": 69, "rare": 70, "robotron": 71, "run": 98, "run.sh": 97, "scramble": 72, "scripts": 22, "sega": 73, "segaoutrun": 74, "segastv": 75, "segasys1": 76, "segasys16": 77, "segasys18": 78, "segasys2": 79, "segasyse": 80, "setup": 100, "setup.py": 99, "si": 81, "snk": 82, "stern": 83, "sweep": 113, "tad": 84, "taito": 85, "taitof2": 86, "taitosj": 87, "task": 114, "technos": 88, "technos16": 89, "tehkantecmo": 90, "toaplan": 91, "toaplanstg": 92, "uninstallres": 115, "universal": 93, "update": 101, "updateallinsertcoin": 118, "updateallinsertcoinlegacy": 119, "updateconsole": 116, "updatemainmister": 117, "upl": 94, "vs": 95, "williams": 96}, "timestamp": 1772192301}